"Name			",Score,Group,SD
Student1,80,PhD,8.736894948
Student2,75,PhD,8.736894948
Student3,92,PhD,8.736894948
Student4,98,MS,11.91077943
Student5,72,MS,11.91077943
Student6,83,MS,11.91077943
Student7,65,MS,11.91077943
Student8,77,MS,11.91077943
Student9,89,MS,11.91077943
Student10,64,Univ.,13.86842938
Student11,72,Univ.,13.86842938
Student12,91,Univ.,13.86842938
